name,labels,city,coordinates,note,gmap,link,image,days,id
Former Cafe Gambit,chess memorial,Amsterdam,"52.3755148120896, 4.882690917303496","Defunct chess bar. When it closed in 2005, the chess club needed a new home, and moved to Laurierboom. The SGA teams are still called Laurierboom-Gambiet.",https://maps.app.goo.gl/AtdP5dHQVRihL9yt8,,https://i.imgur.com/y5eCRZY.jpeg,,
Former Max Euwe Schaakhuis,chess memorial,Amsterdam,"52.368472045937146, 4.8712247131282576",,https://maps.app.goo.gl/NkxYzuvTdSqDzWNh9,,https://i.imgur.com/DH33XAh.jpeg,,
Giant Chess Board Frederiksplein,chess board,Amsterdam,"52.360153, 4.900031",The same board that used to be on Max Euweplein and Museumplein has now found a new home on Frederiksplein.,,https://www.nporadio5.nl/fragmenten/de-avond-van-5/019cadda-7dca-72ec-857d-344be0d7499d/2026-03-02-xl-schaakbord-in-amsterdam-is-terug,,,
Zwart op Wit,chess club,Amsterdam,"52.37107776390779, 4.866202094898311",Meets every Monday evening at 8pm in the basement of games cafe 2 Klaveren.,https://maps.app.goo.gl/2iYpS9ALfHsJLAwYA,https://www.zwartopwit.org/,https://i.imgur.com/8jibVQ6.jpeg,Monday,
Schaakvereniging Amsterdam West,chess club,Amsterdam,"52.371848184945364, 4.868834031296687",Meets every Thursday evening at 8pm in Bilderdijkpark.,https://maps.app.goo.gl/HE7btnNk4Bit5ywy8,https://www.svamsterdamwest.nl/,https://i.imgur.com/inhlo0q.jpeg,Thursday,
Schaakvereniging Caissa,chess club,Amsterdam,"52.353211646390925, 4.883298807309834",Meets every Tuesday evening at 8pm in Huize Lydia.,https://maps.app.goo.gl/cnJ446iJsELTRz7XA,http://www.caissa-amsterdam.nl/,https://i.imgur.com/S7Sk0IW.jpeg,Tuesday,
Pegasus Amstelveen,chess club,Amsterdam,"52.29261026509864, 4.874458229848144",Club nights every Tuesday from 19:45 at La Plaza room in the Groenelaan residential care centre.,https://maps.app.goo.gl/3msMbTPckGVqGh9d9,https://www.pegasusamstelveen.nl,https://i.imgur.com/RHugkLY.jpeg,Tuesday,
Schaakvereniging EsPion,chess club,Amsterdam,"52.345217583410495, 4.9085327618301156",Meets every Monday evening at Gaaspstraat 8.,https://maps.app.goo.gl/dZG9V7rcx1a9q3rLA,https://www.espion.nl/,https://i.imgur.com/nlSMpwC.jpeg,Monday,
De Queer Schaakclub,chess club,Amsterdam,"52.354412053333895, 4.854522492054707",Meets every Wednesday evening at Speelzaal KLUP.,https://maps.app.goo.gl/4hLHEWU5ktfCiWCXA,https://dequeerschaakclub.nl/,https://i.imgur.com/G6UwvNd.jpeg,Wednesday,
De Volewijckers,chess club,Amsterdam,"52.39556134116533, 4.949915403855151",Chess club De Volewijckers plays every Wednesday evening in the think sports center Het Zwanenmeer.,https://maps.app.goo.gl/mqUyi83fLoGxKCwi8,https://www.schaakverenigingdevolewijckers.nl/,,Wednesday,
Cafe de Laurierboom,chess bar,Amsterdam,"52.372347065141824, 4.880934681011202",Chess mecca of Amsterdam. Tournaments on barblitz.co. Casual chess always.,https://maps.app.goo.gl/PizEC9TRQ4kt8QyK6,,https://i.imgur.com/9NRex3f.jpeg,,
Max Euwe Centrum,chess museum,Amsterdam,"52.362777166541285, 4.882811878673435",Free chess museum and library. Hosts an annual chess festival in August.,https://maps.app.goo.gl/5GeJKV1nBEopb1M29,https://maxeuwe.nl/,https://i.imgur.com/inTkxpx.jpeg,"Tuesday, Wednesday, Thursday, Friday, Saturday",
Max Euweplein,"chess memorial, chess board",Amsterdam,"52.362969674148395, 4.88370529837886",Square named after former Dutch World Champion. 5 outdoor chess tables and a memorial.,https://maps.app.goo.gl/BdbA8DiMEQxf37us9,,https://i.imgur.com/AcuubuT.jpeg,,
Chess & Beer,chess meetup,Amsterdam,"52.363208136727685, 4.882977053882178",Casual chess meetup every second Sunday afternoon in Cafe De Balie.,https://maps.app.goo.gl/bkpboKbMJeadL65F6,https://www.meetup.com/amsterdam-chess-and-beer/,https://i.imgur.com/RTWaMou.png,Sunday,
Vondelbunker Chess,chess meetup,Amsterdam,"52.36093601496312, 4.87757042744756",Underground chess on Sunday afternoons. Irregular.,https://maps.app.goo.gl/zVaGJ4eQ19HZ6h6z8,https://radar.squat.net/en/event/amsterdam/vondelbunker/2026-05-17/bunker-chess-club,https://i.imgur.com/zgYqQLp.png,Sunday,
Schaak en Go | Het Paard,chess shop,Amsterdam,"52.38410008633985, 4.885394165335662",Notable chess shop.,https://maps.app.goo.gl/ycLy5MS6BBYACa3z9,https://www.schaakengo.nl/,https://i.imgur.com/B6nE55x.jpeg,,
Chess Art,"chess memorial, chess board",Amsterdam,"52.38502130682298, 4.882785843172775","5 chessboards in a step formation, one with carved pieces. One board is at a comfortable playing height.",,,https://i.imgur.com/e8Y9KwR.jpeg,,
Chess Table Haarlemmerplein,chess board,Amsterdam,"52.38471574220395, 4.8855323401516735",Abandoned outdoor chess tables.,https://maps.app.goo.gl/Pt2zN4pDBFiQ8ddx8,,https://i.imgur.com/8qnVOnL.png,,
Chess Table Da Costastraat,chess board,Amsterdam,"52.367397288232056, 4.876081661186785",Abandoned outdoor chess tables.,https://maps.app.goo.gl/cDYhY7noTk7SDkwYA,,https://i.imgur.com/SzOpMcl.png,,
Chess Table Krugerplein,chess board,Amsterdam,"52.35418582496915, 4.919973076573896",Just a chess table in the middle of a playground.,https://maps.app.goo.gl/bz97grhNwenNmFBLA,,https://i.imgur.com/aRMNNzO.jpeg,,
Giant Chess Board,chess board,Amsterdam,"52.36404452205097, 4.866087393855511",Giant board at the corner of the playground. Pieces locked in the steel boxes.,https://maps.app.goo.gl/N9mAaZdBsfyAJDEW6,,,,
Schaaktafels,"chess board, chess meetup",Utrecht,"52.097663330948684, 5.022259352304256",Chess tables in Maximapark. Meetup on Sunday mornings.,https://maps.app.goo.gl/Dx121rmGCnhm935N8,,https://i.imgur.com/F9H8Txk.jpeg,,
Schaakcafe Utrecht,"chess club, chess bar, chess meetup",Utrecht,"52.09976268371182, 5.103186467326744",Every Friday afternoon from 13:30 onwards till 17:00.,https://maps.app.goo.gl/j7A7ARS1a3TbcKLk6,https://www.schakeninutrecht.nl/schaakcafe/,https://i.imgur.com/wlhqWob.jpeg,Friday,
Giant Chess Board,chess board,Leiden,"52.16364644160096, 4.484094054330104",Giant chess board next to the museum,https://maps.app.goo.gl/BcBadmCYz656qFpC9,,https://i.imgur.com/vH61HxZ.jpeg,,
Giant Chess Board,chess board,Gouda,"52.01329852045659, 4.7121186275069","Mini-giant board, next to a small church.",https://maps.app.goo.gl/rSX32znHBznR2ZHd8,,https://i.imgur.com/W0EJPEd.jpeg,,
Stichting En Passant,"chess club, chess bar",The Hague,"52.07432068089482, 4.311602878673388",Chess on weekends.,https://maps.app.goo.gl/2A2fRFpQfjugkGRg9,https://www.stichtingenpassant.nl/,https://i.imgur.com/fVrdQDp.jpeg,"Friday, Saturday, Sunday",
KopieKoffie,chess meetup,Delft,"52.00047872546669, 4.3460540624039785",Chess on Sundays at 3.30pm.,https://maps.app.goo.gl/zz2rpLMpYdpqykU98,https://kopiekoffie.nl/blog/events/schaken-bij-kopiekoffie/,https://i.imgur.com/pC1qmvK.jpeg,Sunday,
Buurtcentrum Gentbrugge,chess meetup,Ghent,"51.04301894619833, 3.7440072254320547",Chess Sunday 10am to 1pm,https://www.google.com/maps/place/Buurtcentrum+Gentbrugge/data=!4m2!3m1!1s0x47c376ac3bdee5a9:0xf8a369ab94002198,,,Sunday,
Le Pantin,chess bar,Brussels,"50.82892801179286, 4.371377076665836",Blitz tournament Tuesdays at 7pm.,https://www.google.com/maps/place/Le+Pantin/data=!4m2!3m1!1s0x47c3c4931d8affd3:0xca234321219fd876,,,Tuesday,
Le STROF,chess bar,Brussels,"50.843288815803355, 4.351961345144561",Genuine chess bar.,https://maps.app.goo.gl/kBUo2cUEoKhSqQjj8,,https://i.imgur.com/HKitDLE.jpeg,,
Toots Jazz Club,chess bar,Brussels,"50.847190853915144, 4.353162974733196",Blitz event Tuesdays at 7.30pm. Get there early.,https://www.google.com/maps/place/Toots+Jazz+Club/data=!4m2!3m1!1s0x47c3c57b380641c5:0x20518f8f20b019ae,https://www.toots.brussels/en/about#Schedule,https://i.imgur.com/mZdGqic.png,Tuesday,
Myo Cafe,chess bar,Cork,"51.90139232178871, -8.476166258928927",Two outdoor chess tables by the river. Pieces available too.,https://www.google.com/maps/place/Myo+Cafe/data=!4m2!3m1!1s0x484490116556a9a7:0x372c5658c3ba6032,,https://i.imgur.com/D3vKRv1.png,,
Inverness Chess Club,chess club,Inverness,"57.48214272931229, -4.209761144520218",Meeting on Wednesdays throughout the year from approximately 7pm.,https://maps.app.goo.gl/pEnxjNFKwKCCVLVq9,https://www.chess.com/club/inverness-chess-club,https://i.imgur.com/HeO3LOZ.png,Wednesday,
Pub Chess - Beer Emporium,"chess meetup, chess bar",Bristol,"51.451754394632815, -2.594361810503718","Wednesday evenings, 7.30pm onwards in the basement of this cellar bar. Casual chess with a range of abilities (beginner-2200+ FIDE).",,https://bristolchess.co.uk/pub-chess/,https://i.imgur.com/BoEvktV.png,Wednesday,
St John's Square,chess meetup,London,"51.52335201368471, -0.09390159873636143",Chess on Saturday at 12pm.,https://www.google.com/maps/place/St+John's+Square/data=!4m2!3m1!1s0x48761b51aeec49ad:0xb0b1c14fb1973add,https://www.fourcorner.club/,https://i.imgur.com/vh8AamS.png,Saturday,
Granary Square,chess meetup,London,"51.53733210186295, -0.11475202081671028",Chess on Wednesday at 6.30pm.,https://www.google.com/maps/place/Granary+Square/data=!4m2!3m1!1s0x48761b3d9035396b:0x87d7405a11148df9,https://www.fourcorner.club/,https://i.imgur.com/0miHkMa.png,Wednesday,
Old Brewery,chess bar,London,"51.48613189677573, -0.0011239949974221996",Chess here on Sundays 12–5.,https://www.google.com/maps/place/Old+Brewery/data=!4m2!3m1!1s0x48760284d129d219:0xfc03125988dcf0bd,,,Sunday,
Giant Chess Board,chess board,London,"51.51438397011346, -0.2056662758887658",,https://maps.app.goo.gl/EtMV8xhohTBEa94s6,,,,
Knight Club Chess,chess meetup,London,"51.521067650364216, -0.07191309853313257","Chess with food and music, Tuesdays from 6.30pm.",https://maps.app.goo.gl/2jf9mLGNZdcXxkZu7,https://www.instagram.com/knightclubchess/,https://i.imgur.com/nTrsgyJ.png,Tuesday,
Club d'Echecs Luxembourg 1915,chess club,Luxembourg,"49.60455003720618, 6.1320267369725014",Chess on Tuesday and Friday at 8pm at Café chez Maria,https://www.google.com/maps/place/Club+d'Echecs+Luxembourg+1915/data=!4m2!3m1!1s0x479548d6c89dd013:0xbcdef2a3c4fbabdb,https://www.1915.lu/,https://i.imgur.com/PzyJ2JD.jpeg,"Tuesday, Friday",
Satranc 2000,chess meetup,Cologne,"50.945800573829075, 6.932950523082612","Chess on the 1st and 3rd Saturday of the month, 3pm at Naturfreundehaus.",https://www.google.com/maps/place/Naturfreundehaus/data=!4m2!3m1!1s0x47bf250fd1afc9d9:0x2d154958bf90c4f,https://satranc2000.de/,,Saturday,
Copenhagen Chess,chess meetup,Copenhagen,"55.68314648081195, 12.540781316342184",Casual chess on Wednesday and Saturday afternoons.,https://maps.app.goo.gl/tiGxk11qaV8b5V3LA,https://www.copenhagenchess.dk/chesssalon/,https://i.imgur.com/royRACC.jpeg,"Wednesday, Saturday",
Svarta Hästen Stureplan,chess bar,Stockholm,"59.33737559447111, 18.07269906268197",Chess and wine bar.,https://www.google.com/maps/place/Svarta+H%C3%A4sten+Stureplan/data=!4m2!3m1!1s0x465f9dbc578f796f:0x53a5b5f15a5796ae,https://svartahasten.se/stockholm/,https://i.imgur.com/uvPGdsK.png,"Wednesday, Thursday, Friday, Saturday, Sunday",
Svarta Hästen Göteborg,chess bar,Göteborg,"57.70302453865925, 11.974560866385719",Chess and wine bar.,https://maps.app.goo.gl/Y1Lzc8oFC26jH6Ac6,https://svartahasten.se/stockholm/,https://i.imgur.com/i8fSEaO.png,"Wednesday, Thursday, Friday, Saturday, Sunday",
Giant Chess Boards,chess board,Helsinki,"60.179185605757226, 24.930856681254557","2 giant boards in the park, visible on Google Maps.",https://maps.app.goo.gl/hCPLvTgb6QKbResG7,,https://i.imgur.com/ko76Sy8.jpeg,,
Helsinki Street Chess,chess meetup,Helsinki,"60.18117017406913, 24.953056370908044",Meetup at Street Bar Kallio. Tournament on Tuesdays at 8pm.,https://maps.app.goo.gl/Yw6smBXttpah1s2d9,https://www.helsinkistreetchess.fi/en/,https://i.imgur.com/MkmskPd.jpeg,Tuesday,
Shakkiareena,chess board,Helsinki,"60.155401931105175, 24.952306440644836",No fewer than 6 giant boards all placed together in the park.,https://maps.app.goo.gl/eNv5sY1ubrTUYJFS8,,,,
The Good Knight,chess bar,Oslo,"59.93430513100195, 10.863946284474302",Just a chess bar.,https://www.google.com/maps/place/The+Good+Knight/data=!4m2!3m1!1s0x46416f595815fb39:0x8b0371b4e7a9f52f,https://goodknight.no/english/,https://i.imgur.com/mJ3GzQo.jpeg,"Monday, Tuesday, Wednesday, Thursday, Friday, Saturday",
Mikhail Tal Memorial,chess memorial,Riga,"56.95224843029699, 24.118113305282236",Memorial to the The Magician from Riga. People probably play around here somewhere.,https://maps.app.goo.gl/bhuTsNx8jHCsNoxB8,,https://i.imgur.com/0YOjhni.jpeg,,
Victory Pub,chess bar,Riga,"56.9491292197756, 24.10680258386118",Regular pub that's popular with chess players.,https://maps.app.goo.gl/zernt6XdWfiSj9Vw5,,https://i.imgur.com/KbP6Cr1.jpeg,,
Stoliki szachowe,chess board,Krakow,"50.05554539373102, 19.929222551372316",Public chess table.,https://www.google.com/maps/place/Stoliki+szachowe/data=!4m2!3m1!1s0x47165bbb10c0f11d:0xd888543c25c91f16,,,,
IT Chess Club,chess club,Krakow,"50.06538174286009, 19.938302207956834",Open every Thursday 6pm–10pm.,https://maps.app.goo.gl/3qYdGR9WQ3ybuM5y8,,https://i.imgur.com/OMFUbnf.jpeg,Thursday,
Outdoor chess tables,chess board,Krakow,"50.0483782559322, 19.93769373249697",,https://www.google.com/maps/place/Outdoor+chess+tables/data=!4m2!3m1!1s0x47165b3216cfdf1d:0x95308ca6f1b22c42,,,,
Szachy Chess,chess shop,Krakow,"50.044782947590235, 19.956383620829392",,https://maps.app.goo.gl/GQEJ5SSvKhbF3wZR7,,https://i.imgur.com/oPDq6QO.jpeg,,
Magyar Sakkvilág,chess shop,Budapest,"47.50992895357972, 19.048004361369802",,https://www.google.com/maps/place/Magyar+Sakkvil%C3%A1g/data=!4m2!3m1!1s0x4741dc0f47790081:0xcc1e61f903166191,https://www.sakkvilag.hu/,,"Monday, Tuesday, Wednesday, Thursday, Friday",
Széchenyi Thermal Bath,chess meetup,Budapest,"47.52187052808351, 19.08920309012298",There are chess parties in the pool dude.,https://www.google.com/maps/place/Sz%C3%A9chenyi+Thermal+Bath/data=!4m2!3m1!1s0x4741db8605675577:0xcbc0c308b68d2412,https://www.reddit.com/r/europe/comments/sz045n/chess_game_sz%C3%A9chenyi_thermal_bath_budapest_1973/,,,
Chess tables,chess board,Budapest,"47.48935509701126, 19.03029740873186",,https://www.google.com/maps/place/Chess+tables/data=!4m2!3m1!1s0x4741dd8ea76ae0a9:0x86476e2393ddf8c7,,,,
Chess tables outside,chess board,Budapest,"47.49590715236488, 19.092070301353363",,https://www.google.com/maps/place/Chess+tables+outside/data=!4m2!3m1!1s0x4741dd4899f24dc9:0xfc45ea1fadfa3bda,,,,
Chess tables in Kalemegdan Park,chess board,Belgrade,"44.820448791066056, 20.451379740634025",,https://maps.app.goo.gl/NaUSztKEe7bXwuC18,,,,
Chess tables in Park Shetalishte,chess board,Vrnjačka Banja,"43.62041105399323, 20.893932914785726","2 chess tables, a giant board, and a large sculpture of a white queen.",https://maps.app.goo.gl/7Twj3AByN1YJb9b8A,,https://i.imgur.com/gMPXsI7.png,,
La Şahişti,chess board,Bucharest,"44.43650603622561, 26.089504320816676",Chess tables in a park.,https://www.google.com/maps/place/Chessmen's+Place/data=!4m2!3m1!1s0x40b1ffa5febbaf99:0x2ec0281cb27f7c62,,,,
Astra Park,chess board,Sibiu,"45.79333250518202, 24.14757860633809",Chess tables in a park.,https://maps.app.goo.gl/Kk7AUyELN7HG13iD7,https://mesageruldesibiu.ro/mese-noi-de-sah-in-parcuri-din-oras/,https://i.imgur.com/PTAe0Rb.png,,
Chess Cafe Panellinion,chess bar,Athens,"37.983379614919265, 23.735013859093844",,https://maps.app.goo.gl/X3rYEuuMTX55Brh4A,https://www.facebook.com/kafeneionpanellinion,https://i.imgur.com/RTacSkI.jpeg,"Monday, Tuesday, Wednesday, Thursday, Friday, Saturday",
K.O.T.E.S. (Booze Cooperativa),chess bar,Athens,"37.97987903677038, 23.737572814567116",Underground shady vibes place. Chess scenes with smoking allowed indoors.,https://maps.app.goo.gl/JbpB5QNbkMa7Rq5D6,https://boozecooperativa.com/,https://i.imgur.com/sBAfJSM.jpeg,,
Chess boards – Giant boards.,chess board,Athens,"37.942749, 23.694164",Two giant boards in Stavros Niarchos Park.,"https://www.google.com/maps/search/37.942749,23.694164",,,,
Place de Jeux du Parc des Bastions,chess board,Geneva,"46.20099869676137, 6.145186805050561",A dozen giant chessboards in this public square.,https://maps.app.goo.gl/QGXxXWTzirgCpTqo6,,https://i.imgur.com/wM5EpAh.jpeg,,
Giant Chess Board,chess board,Basel,"47.560883, 7.580881",Giant chess board visible on Google Maps but likely abandoned.,"https://www.google.com/maps/search/47.560883,7.580881",,,,
Giant Chess Board Spielplatz Landhof,chess board,Basel,"47.56259076255942, 7.601930664350891",Giant chess board visible on Google Maps but likely abandoned.,https://maps.app.goo.gl/mujnCTs6HNquwWSN6,,,,
Schachplatz,chess board,Zurich,"47.41039571611907, 8.544505546359469",Two giant chess boards in a public square.,https://www.google.com/maps/place/Schachplatz/data=!4m2!3m1!1s0x47900b0012d6fadd:0xbd2ec9f717d9030d,,,,
Manuel's,chess bar,Zurich,"47.373871923010626, 8.535365789077455","A cigar shop, but it seems like people play chess there.",https://maps.app.goo.gl/cGgJpJiBfRqp2tMbA,https://www.manuels.ch/,https://i.imgur.com/kxR71Zz.png,,
StrangerChess,chess meetup,Berlin,"52.525077432725524, 13.411217636212005",Chess every night at 7pm at Rosa-Luxemburg Straße 13.,https://maps.app.goo.gl/DhJ74d1DbhHdKbRA9,https://www.strangerchess.com/,https://i.imgur.com/Z5GR4eg.jpeg,"Monday, Tuesday, Wednesday, Thursday, Friday, Saturday, Sunday",
Freiluftschach,chess board,Hamburg,"53.59617584637264, 10.027491971539598",Giant boards visible in a playground.,https://maps.app.goo.gl/3fMyXMvG7cbidzsj6,,,,
SP Barrio 96,chess meetup,Hamburg,"53.55603891318741, 10.019902234044634",Open chess on Fridays at 6pm at St. George Cultural Shop.,https://maps.app.goo.gl/6fPU998hb7YtBymK9,https://www.instagram.com/kulturladenstgeorg/,,Friday,
Chess in the Park,chess meetup,Hamburg,"53.5633833950215, 9.981354184092764","Weekends from 3pm, only in good weather.",https://maps.app.goo.gl/6fPU998hb7YtBymK9,https://spbarrio96.jimdofree.com/barrio-abteilungen/schach/,,"Saturday, Sunday",
Gambit Cafe&Bar,chess bar,Prague,"50.09660180414321, 14.462408325506006","Lots of chess events, casual chess on Wednesdays",https://maps.app.goo.gl/VfFvkV2e7F4EW16r5,https://www.facebook.com/profile.php?id=100095139379673,,Wednesday,
B4 | CAFÉ PUB,chess bar,Prague,"50.093351027794796, 14.426911206310468",Chess-themed pub,https://maps.app.goo.gl/xfaqhZaqjr8Nb2eR9,https://www.b4cafepub.cz/en/,https://i.imgur.com/SakElIu.jpeg,,
Wilhelm Steinitz' commemorative plaque,chess memorial,Prague,"50.09081803049813, 14.415753217273151",Commemorative plaque for the first chess world champion.,https://maps.app.goo.gl/4w7yCAT59NrDuXj76,,https://i.imgur.com/cB1sBgt.jpeg,,
Barcelona Chess Meetup - Summer,chess meetup,Barcelona,"41.38888000091078, 2.1847193669265765",Barcelona Chess Meetup meets here on the playground on Sundays in the Summer. Meet at the NorthWest gate at 5pm.,https://maps.app.goo.gl/1yjK7rRhyfdd7BVH8,https://www.meetup.com/barcelona-chess-meetup/,,Sunday,
Barcelona Chess Meetup - Winter,chess meetup,Barcelona,"41.382486761448384, 2.180746607742904",Barcelona Chess Meetup meets at Mehman Khanna Halal on Sundays in the Winter.,https://maps.app.goo.gl/yQzXtmvsEd72yJACA,https://www.meetup.com/barcelona-chess-meetup/,,Sunday,
Piazza degli Scacchi,chess memorial,Marostica,"45.75087995062626, 11.655548131331718",A human-scale chess game (Partita a Scacchi) is acted out in medieval costume on the second weekend of September in even-numbered years.,https://maps.app.goo.gl/VGYFXJq6GbisYtgK9,https://www.marosticascacchi.it/en,,,
Chess'nBar,chess bar,Lille,"50.63514925268105, 3.0641911117252705",Chessboard-themed cocktail bar.,https://maps.app.goo.gl/V2rZfVNBo7CULBPv6,https://linktr.ee/chessnbar,https://i.imgur.com/hn3Kpyl.png,"Tuesday, Wednesday, Thursday, Friday, Saturday, Sunday",
La Vieille Bourse,chess board,Lille,"50.63738135669567, 3.0642415553027313","2 public boards set up by antique book sellers in a stunning Renaissance-era stock exchange building. Very popular, and the winner gets to keep playing.",https://maps.app.goo.gl/ihLYF6L7tiBCtR8P7,https://thegoodlifefrance.com/the-book-market-lille-in-photos/,https://i.imgur.com/JVCHn4o.jpeg,"Tuesday, Wednesday, Thursday, Friday, Saturday, Sunday",
Blitz Society,chess bar,Paris,"48.85309115846211, 2.331505957041081",,https://maps.app.goo.gl/H8ZzLB3MDc71Qkan7,https://www.blitzsociety.fr/,https://i.imgur.com/plComlJ.jpeg,,
Jardin du Luxembourg,chess board,Paris,"48.84780050702621, 2.334064131663044",,https://maps.app.goo.gl/9JWeRehqug963QuS9,https://matthewsadler.me.uk/news/chess-jardin-du-luxembourg/,https://i.imgur.com/oM9097f.jpeg,,
Chess Club Barrikadnaya,chess bar,Moscow,"55.76114107694813, 37.58216496066147",Basement chess bar in Kudrinskaya Square.,https://maps.app.goo.gl/dF1hzyujAuhYBb7JA,https://chessclub.live/,,,
Chess Museum,chess museum,Moscow,"55.74875901248655, 37.603847376803884","Free museum housed with the Central Chess Club. 4000 artifacts, including the 1984 Karpov-Kasparov set. Open only 2-6pm on two weekdays.",https://maps.app.goo.gl/ndDHypzCEUYLa9N88,https://centralchessclub.ru/en/chess-museum/,https://i.imgur.com/vcpibXX.jpeg,"Tuesday, Thursday",
Oktyabr'skiy Shakhmatnyy Klub,chess club,Moscow,"55.73538745080846, 37.62239074303898","Old school club with multiple blitz tournaments a week. Weekdays 6pm, Weekends 12pm.",https://maps.app.goo.gl/tv2TPHQXcrNwxF7m6,https://www.octoberchess.narod.ru/,,"Wednesday, Friday, Saturday, Sunday",
Belaya Lad'ya | White Rook,chess board,Moscow,"55.71928944783564, 37.59262720012194",Free outdoor chess club in Gorky Park. Locals have been playing here since the 1970s.,https://maps.app.goo.gl/e2FYnwBkZpQxGh8B6,,https://i.imgur.com/PsB7vrP.jpeg,,
Gökyay Foundation Chess Museum,chess museum,Ankara,"39.93503033190269, 32.863972812485365",World's largest chess set collection — 723 sets from 110 countries,https://www.gokyaysatrancvakfi.org.tr/en/chess-museum,https://www.gokyaysatrancvakfi.org.tr/,,"Tuesday, Wednesday, Thursday, Friday, Saturday, Sunday",
Taflfélag Reykjavíkur,chess club,Reykjavik,"64.12913467393767, -21.865893888356133","Rapid Tuesdays and Blitz Thursdays, walk-in before 7:30 PM. Entry 1000 ISK.",https://maps.app.goo.gl/Z7Qvpvgcy5XqQ1jYA,https://taflfelag.is/,https://i.imgur.com/vi58ZsJ.jpeg,"Tuesday, Thursday",
Café Rosenberg,chess bar,Reykjavik,"64.14889736203068, -21.942259303799343",Cosy café with chess boards on the tables. Formerly known as Stofan Café.,https://maps.app.goo.gl/W63tHknTbCMrJfBdA,,,,
Fischer Center,chess museum,Selfoss,"63.93753060295892, -20.996162528950407","Bobby Fischer museum 55km south of Reykjavík. Includes the 1972 Fischer-Spassky match table, Fischer memorabilia, a chess library, and an on-site chess club. Open daily 1–5 PM, ~1000 ISK entry.",https://maps.app.goo.gl/m3jpLzEMDB3dhFnC9,https://www.fischersetur.is/index.cfm?lang=en&page=pages/start_en3,https://i.imgur.com/yn6UC6x.jpeg,,
Phoenix ChessBase India Chess Club,chess meetup,Mumbai,"19.086495635882248, 72.88900112214328",Every Saturday 5-7pm in Atrium 5 of Phoenix Market City,https://maps.app.goo.gl/ekHvhjeBnpRAiXDG6,https://www.instagram.com/phoenixchessbaseindia/,https://i.imgur.com/hlwC5nk.png,Saturday,
Ambit Chess Club,chess meetup,Mumbai,"19.000380890749213, 72.82886972537088",First & Third Saturdays every month in the cafeteria of Ambit House,https://maps.app.goo.gl/qNQCoeZNyRmfCgnx9,https://www.instagram.com/ambitchessclub/,https://i.imgur.com/KPfFSay.png,Saturday,
Temple of Chess,chess museum,Mumbai,"19.080475612489852, 72.89697989483837",A sacred space for chess lovers.,https://maps.app.goo.gl/Su6T3JeFWVV9C65h9,https://www.instagram.com/templeofchess/,https://i.imgur.com/PaSY0uX.png,,
Espresso Defense Chess Club,chess meetup,Delhi,"28.482056602784372, 77.10249052945669",Meet-ups every Sunday in Cut Copy Paste Cafe. Tournament every month.,https://maps.app.goo.gl/io9PVCJAMTtdHTKJ6,https://www.instagram.com/espressodefense_chessclub/,https://i.imgur.com/4J8DJaw.png,Sunday,
Pune Chess Hangouts,chess meetup,Pune,"18.547238694641234, 73.89931733856604",Meet-ups (almost) every Saturday/Sunday in various locations in Pune.,https://maps.app.goo.gl/gVQ8mXxzTSJPgfF3A,https://www.instagram.com/punechesshangouts/,https://i.imgur.com/9FgHLGD.png,"Saturday, Sunday",
Captain Lakshmi Park,chess board,Thiruvananthapuram,"8.509345858565455, 76.95854981299458",Giant chess board in a small children's park.,https://maps.app.goo.gl/5484DzfHDrzTVuVw8,https://www.youtube.com/watch?v=DZS7ZMBWTwQ,https://i.imgur.com/oPDq6QO.jpeg,,
Chess Park,chess board,Thiruvananthapuram,"8.392533212213735, 76.97198396170717",Giant boards right outside Leela Kovalam. The hotel possibly rents out pieces.,https://maps.app.goo.gl/bFETy2pvFec3N1Wz5,,,,
Club de Ajedrez Plaza Solidaridad,chess board,Mexico City,"19.436041030717842, -99.14648867580858","Public chess club in the historic centre. Open daily from 11am. Boards for sale, coffee and bread on site. Casual play and regulars most afternoons.",https://maps.app.goo.gl/ujGLrTxCZ6xxd6K9A,,,,
Kennedy Park Chess Tables,chess board,Lima,"-12.121718968149583, -77.03036460345295","Outdoor chess tables in the heart of Miraflores. Locals play daily, especially afternoons and evenings.",https://maps.app.goo.gl/QDvDyFZtCdMfd6sg6,,https://i.imgur.com/5rOJSFp.jpeg,,
Club de Ajedrez Plaza de Armas,chess board,Santiago,"-33.43769810220488, -70.65000065706114",Outdoor chess club at the southeast corner of Plaza de Armas. Open daily 1:30–9pm. ~$1 entry for the day. Respectful rotation expected when it's busy.,https://maps.app.goo.gl/NpxR8c6ctBrhkPcH8,,https://i.imgur.com/gxJ2AQU.jpeg,,
Chess & Checkers House,chess board,New York,"40.771782597253825, -73.96770372010965",Chess tables in Central Park. Bring your own pieces.,https://maps.app.goo.gl/qobnUTf1dm3nw2xu8,https://www.centralparknyc.org/locations/chess-checkers-house,https://i.imgur.com/dojAAhL.png,,
Bryant Park,"chess board, chess meetup",New York,"40.75351277356923, -73.982928360229","Free chess sets and an attendant from April to October, 11am–7pm. Strong regulars play fast time controls, very welcoming to visitors.",https://maps.app.goo.gl/x7viQroYSMpuDK9t9,,,,
767 Third Public Plaza,"chess board, chess memorial",New York,"40.7546371516274, -73.97131867177298",Giant chessboard with a mechanical arm that recreates famous games on the wall.,https://maps.app.goo.gl/UJ4BFuRTphyaf7Bu9,https://www.atlasobscura.com/places/767-third-avenue,,,
Union Square Chess Tables,chess board,New York,"40.73516443032688, -73.99111614976105",Outdoor tables with chess hustlers. Expect $10/game if you sit down to play.,https://maps.app.goo.gl/moUX7KwwWaeYLp6UA,,https://i.imgur.com/HBCgYUd.jpeg,,
Washington Square West Chess Tables,chess board,New York,"40.73124524424309, -73.99853445923263",Around 20 embedded boards in the southwest corner of Washington Square Park. No pieces provided — locals and hustlers bring their own.,https://maps.app.goo.gl/TUtnyBahjCcU4GBv8,,,,
Chess Forum,"chess shop, chess club",New York,"40.72951024457357, -73.99789640368869","Village chess institution. Shop, lessons, and casual play daily noon–midnight.",https://maps.app.goo.gl/sCfJpUiuibwHjhGZA,https://www.chessforum.com/,https://i.imgur.com/7GU8xtO.jpeg,,
Marshall Chess Club,chess club,New York,"40.73461199374135, -73.99541509982312","One of the oldest chess clubs in the US, founded by Frank Marshall. Rated tournaments almost daily. Open to non-members. Closed Tuesdays.",https://maps.app.goo.gl/tpnqB5VcbhfmPZ6f7,https://www.marshallchessclub.org/,,"Monday, Wednesday, Thursday, Friday, Saturday, Sunday",
Fred Wilson Chess Books,chess shop,New York,"40.73775642144115, -73.98689574096615","50-year-old chess bookshop tucked into the 7th floor of a Union Square office building. Hundreds of chess books, owned by the legendary Fred Wilson.",https://maps.app.goo.gl/mj9iKVBM8F4adNc77,https://fredwilsonchess.com/,,,
Clark Park,chess board,Philadelphia,"39.94872469389093, -75.21137709132012",Chess players in the farmer's market.,https://maps.app.goo.gl/WUTCA3fF1F4m3wBS9,,,,
Madison Avenue Pub,"chess bar, chess meetup",Toronto,"43.67218701621396, -79.40447771811816",Chess nights on Wednesdays.,https://maps.app.goo.gl/eojJQJ9ojTHVpRkn9,https://www.instagram.com/pubchesstoronto/,https://i.imgur.com/K2Duxur.png,Wednesday,
Left Field Brewery,"chess bar, chess meetup",Toronto,"43.63931990195616, -79.41920352720463",Tuesdays at 8pm.,https://maps.app.goo.gl/f4mSJetuP3zpznZu9,https://www.instagram.com/pubchesstoronto,https://i.imgur.com/Soe31Z7.png,Tuesday,
Charlotte Chess Center,chess club,Charlotte,"35.10361921002537, -80.83246739443595",,https://maps.app.goo.gl/ANM17dTDtJa8ayAw5,https://www.charlottechesscenter.org/,,,
Smith's Olde Bar — Checkmate Monday,"chess bar, chess meetup",Atlanta,"33.7976384, -84.3688347",Atlanta Checkmate Club hosts Checkmate Monday 7–11pm. Free tournament at 8pm. Casual play all night.,https://maps.app.goo.gl/9Sb9chJwJkLjZpZL7,https://www.atlantacheckmateclub.com/,,Monday,
The Family Dog — Chess Knight,"chess bar, chess meetup",Atlanta,"33.7925986, -84.3524467","Atlanta Checkmate Club hosts Chess Knight at the Dog, Tuesdays 6–10pm. Free tournament at 8pm.",https://maps.app.goo.gl/MMvWmtqKMgmMJguS6,https://www.atlantacheckmateclub.com/,,Tuesday,
Ladybird Grove & Mess Hall — Chess Knight,"chess bar, chess meetup",Atlanta,"33.7595612, -84.3642300","Atlanta Checkmate Club hosts Ladybird Chess Knight, Wednesdays 7–11pm. Free tournament at 9pm.",https://maps.app.goo.gl/hWYiJT735J8TbkuJA,https://www.atlantacheckmateclub.com/,,Wednesday,
Park Tavern — Chess Knight at the Park,"chess bar, chess meetup",Atlanta,"33.7822253, -84.3692889","Atlanta Checkmate Club hosts Chess Knight at the Park, Fridays 7–11pm. Free tournament at 9pm.",https://maps.app.goo.gl/bx8GSfgNrPQVYnMbA,https://www.atlantacheckmateclub.com/,,Friday,
X3 Sports Inman Park — Chess Boxing,chess meetup,Atlanta,"33.7620831, -84.3599142","Atlanta Checkmate Club hosts a Chess Boxing class Mondays 5:30–6:30pm. First class free, $20 drop-in after. All levels welcome.",https://maps.app.goo.gl/ZHty9BfZJkDq9J6M7,,,Monday,
Saint Louis Chess Club,chess club,St. Louis,"38.6448452, -90.2613486","One of the premier chess clubs in the US. Open daily 10am–9pm, walk-ins welcome.",https://maps.app.goo.gl/xJ3NVgLMpMDv66gE8,https://saintlouischessclub.org/,,,
Chess Pocket Park,"chess board, chess meetup",St. Louis,"38.6508180, -90.1978139",Small public chess park with tournaments every Saturday from 8am. All levels welcome.,https://maps.app.goo.gl/hFwzKDTJNQs5ysMC9,,,Saturday,
Lincoln Park Chess Pavilion,chess board,Chicago,"41.9113159, -87.6249466",Beautiful open-air chess pavilion on the lakefront with boards built into the concrete benches. Open daily 6am–10pm. Bring your own pieces.,https://maps.app.goo.gl/KdmziogNka8Q8y8D9,https://www.chicagoparkdistrict.com/parks-facilities/chess-pavilion-artwork,https://i.imgur.com/8mX5BTx.jpeg,,
Chess Center Ueno,chess club,Tokyo,"35.71642322549234, 139.7845822369384","International crowd, welcoming to all levels. Open Thursday 5–10pm, Saturday and Sunday noon–5pm.",https://maps.app.goo.gl/7Uq41TELjCx4FZeP9,https://i.imgur.com/fVyIPRk.png,https://i.imgur.com/fVyIPRk.png,"Thursday, Saturday, Sunday",
Open Air Chess Board @ V&A Waterfront,chess board,Cape Town,"-33.90592370132705, 18.42147567851916",Giant outdoor chess set at the V&A Waterfront. Open 24 hours. Smaller boards also built into the surrounding tables.,https://maps.app.goo.gl/k7ZMTSkWcH759Ngz7,,https://i.imgur.com/gVw1rI4.jpeg,,
Hyde Park Chess Board,chess board,Sydney,"-33.870543134965814, 151.21088583870988","Giant outdoor chess set in Hyde Park, open daily 8:30am–4:30pm. Two smaller standard boards nearby.",https://maps.app.goo.gl/X6LiB8f41hVSsZ218,,https://i.imgur.com/DxNbrgv.jpeg,,
Amsterdam Spirit Chess Club,chess meetup,Amsterdam ,"52.383125,4.886531","Every Sunday, 15.00–18.00 at the KLABU Clubhouse (Haarlemmerdijk 106)",https://maps.app.goo.gl/Hwt9yytsy1LJbFCa8,https://klabu.org/clubhouses/amsterdam,https://i.imgur.com/qrvUv5i.png,Sunday,
Board Dublin Social Chess,chess meetup,Dublin,"53.330559110826954, -6.275664245789461","Chess get together held every Wednesday. ""There's only one rule, loser buys the next round."" Show up on the day at 7pm and we'll pair you up with someone. You can guarantee yourself a slot by booking a table on the website.",https://maps.app.goo.gl/yLJZ15JrpzY2Zmzj9,https://boarddublin.com/chess/,https://boarddublin.com/wp-content/uploads/2024/02/Untitled-design-2024-02-18T170908.436.png,Wednesday,
Casual Chess @ Corrigans,chess meetup,Dublin,"53.327639225911, -6.261636943111778","We're a small group of people who like to enjoy casual games chatting, learning and having fun. Feel free to join us any Tuesday from 8pm at Corrigans pub in Rathmines. All levels welcome! If you see we're more than 6, please bring a board if you can.",https://maps.app.goo.gl/fBGgFxL76Fche6beA,https://www.meetup.com/casual-chess-corrigans/,https://secure.meetupstatic.com/photos/event/9/d/4/8/clean_498580264.webp,Tuesday,
Chess n Fun in Dublin,chess meetup,Dublin,"53.34617772425198, -6.269474816124325","Chess meetup every second Sunday afternoon at 3.30pm. ""We're in the back by the stage. Just rock in and look for me. I'm typically in a blue chess hoodie.""",https://maps.app.goo.gl/PVSXxyH5VkRBYeH46,https://www.meetup.com/chess-n-fun-in-dublin/,https://secure.meetupstatic.com/photos/event/9/d/4/8/clean_498580264.webp,Sunday,
Lindenhof,chess board,Zurich,"47.37304603390108, 8.540842226914565",Hilltop gathering place on the site of a former Roman fort with outdoor chess boards & city views.,https://maps.app.goo.gl/DDegwCW8gYFKQefDA,,https://lh3.googleusercontent.com/gps-cs-s/AHVAweoMoFDvZGgrJ0InzJu4IBcpnPR9ZNYMlz0dPxlemfHK1YuUVZ26gce1GuW0qyY8viu9a4-eHDRqJSBHtlSZGYzVlAc1vCgB-dJmjbEp_zPynPejxG2cZ-DL-lQEdK4V8H-Bn3z7whxhwLkK=s2048-v1,,
Living Häus Brewery,"chess bar, chess meetup",Portland,"45.498365, -122.659325",Casual chess meetup every Tuesday from 5-9pm with 15 chess sets provided.,"https://www.google.com/maps/place/628+SE+Belmont+St,+Portland,+OR+97214",https://www.livinghausbeer.com/,,Tuesday,
Lazy Days Brewing,"chess bar, chess meetup",Portland,"45.540021, -122.668403",Chess meetup every Thursday evening with 4 chess sets provided.,"https://www.google.com/maps/place/2326+N+Flint+Ave,+Portland,+OR+97227",https://lazydaysbrewing.com/,,Thursday,
Coffee Time,chess bar,Portland,"45.534344, -122.711256",Chess-friendly coffee shop. Regulars gather informally in the evenings and weekends.,"https://www.google.com/maps/place/712+NW+21st+Ave,+Portland,+OR+97209",https://www.coffeetimepdx.com/,,,
Denver Chess Club,chess club,Denver,"39.6761, -104.9327",Colorado's oldest and largest chess club. Hosts USCF-rated tournament games every Tuesday night with monthly classical tournaments.,https://www.google.com/maps/search/Hope+Fellowship+Christian+Reformed+Church+2400+S+Ash+St+Denver+CO+80222,https://denverchess.com/,,Tuesday,
Monday Night Chess at Comrade Brewing,"chess bar, chess meetup",Denver,"39.6784, -104.9012",Casual chess every other Monday night at Comrade Brewing Company in Southeast Denver. All skill levels welcome.,https://www.google.com/maps/search/Comrade+Brewing+Company+7667+E+Iliff+Ave+Denver+CO,https://www.meetup.com/learn-to-play-chess/,,Monday,
North Denver Chess,chess meetup,Denver,"39.8260, -105.0694",Weekly Monday night chess meetup at The Bardo Coffee House in North Denver. Strong player attendance with all skill levels welcome.,https://www.google.com/maps/search/Bardo+Coffee+House+6150+W+58th+Ave+Arvada+CO,https://www.meetup.com/learn-to-play-chess/,,Monday,
Parker Chess Club,chess meetup,Parker,"39.5183, -104.7620",Monday evening chess club at Parker Library. All ages and skill levels welcome. Boards and clocks provided.,https://www.google.com/maps/search/Parker+Library+20105+E+Main+St+Parker+CO,https://www.meetup.com/learn-to-play-chess/,,Monday,
Oprah's Rook Club at Woods Boss Brewing,chess club,Denver,"39.7614, -104.9903","Casual chess group meeting every Wednesday night at Woods Boss Brewing. Social, unrated games for all skill levels.",https://www.google.com/maps/search/The+Lodge+Woods+Boss+Brewery+675+22nd+St+Denver,https://www.chess.com/club/oprahs-rook-club,,Wednesday,
Long Table Brewhouse,chess meetup,Denver,"39.7441, -104.9485",Brewhouse in Park Hill where casual chess players gather. Informal games Wednesday and Friday afternoons.,https://www.google.com/maps/search/Long+Table+Brewhouse+2895+Fairfax+St+Denver+CO,https://www.meetup.com/learn-to-play-chess/,,"Wednesday, Friday",
Gambit Café,chess bar,Madrid,"40.418, -3.706","First chess bar in Madrid, located in Malasaña. Games for €3 with no time limits, tournaments, simultaneous exhibitions, food and cocktails.",https://www.google.com/maps/search/Gambit+Cafe+Malasana+Madrid,https://gambitcafe.es/,,"Tuesday, Wednesday, Thursday, Friday, Saturday, Sunday",
Ajedrez con Cabeza,chess club,Madrid,"40.430, -3.678","Chess school and club in Chamberí offering classes and a space to play games, tournaments, and exhibitions.",https://maps.app.goo.gl/2pc4xYTr568bo9Ng7,https://ajedrezconcabeza.com/,,"Monday, Tuesday, Wednesday, Thursday, Friday, Saturday",
La Didáctica,chess club,Madrid,"40.418, -3.710",Historic recreational club with an active chess section. Members meet Monday and Wednesday afternoons; Friday and Saturday tournaments. 5 teams in the league.,https://maps.app.goo.gl/298gsnvb1J8Cbb4HA,https://www.ladidactica.es/,,"Monday, Wednesday, Friday, Saturday",
"La Cabaña, Retiro Park",chess board,Madrid,"40.414, -3.683","Outdoor tables in Retiro Park near the Palacio de Cristal where locals spontaneously gather to play chess. No schedule, no organiser — just chess in the open air.",https://goo.gl/maps/B8MjAt6pEHgmBdwFA,,,,
Calgary Chess Club,chess club,Calgary,"51.0486, -114.0708","Premier club established 60+ years ago. Tuesday classical tournaments, Wednesday blitz, Thursday classes, Friday open house.",https://maps.app.goo.gl/rStRts71djehzokS6,https://calgarychess.com/,,"Tuesday, Wednesday, Thursday, Friday",
Downtown Chess Night at Social Beer Haus,chess meetup,Calgary,"51.0440, -114.0708","Biweekly chess meetups at a downtown bar. Casual drop-in play at 5:30 PM, every other Thursday.",https://maps.google.com/maps?q=220+8+Ave+SW+Calgary+AB,https://www.downtownchess.com/,,Thursday,
Y Not Today Bingsu & Board Game Cafe,chess meetup,Calgary,"50.9819, -114.1287","Board game cafe hosting chess nights for all levels. Sets, clocks, and a Chinese Chess/Go set on hand.  minimum purchase. Friday and Sunday evenings.",https://maps.app.goo.gl/4GiEtjW9A6FdyvDB6,https://ynottoday.ca/,,"Friday, Sunday",
Groninger Combinatie,chess club,Groningen,"53.2152, 6.5681",One of the largest chess clubs in town. Thursday evenings at Denksportcentrum Jannes van der Wal — classical games and blitz.,https://maps.app.goo.gl/FKPBMHDQw9oRjszXA,https://www.groningercombinatie.nl/,,Thursday,
Proeflokaal Hooghoudt,chess bar,Groningen,"53.2116, 6.5644","Authentic city-centre bar and the chess hub of Groningen. Home to student club JSV SISSA on Monday nights, and host of nightly chess during the annual Chess Festival Groningen each December.",https://www.google.com/maps/search/Proeflokaal+Hooghoudt+Groningen,https://www.facebook.com/ProefLokaalHooghoudt/,,Monday,
Schaakgezelschap Staunton,chess club,Groningen,"53.1856, 6.5756",Founded in 1871 — the oldest sports association in Groningen. Monday evenings at De Helpen clubhouse.,https://maps.app.goo.gl/HnqUhnh4pGKPaH4y9,https://sgstaunton.nl/,,Monday,
Café La Tienda,chess meetup,Berlin,"52.49591519698152, 13.432771463486063",Casual chess on Sunday afternoons,https://maps.app.goo.gl/Ebph15zGqZQEemE96,https://www.meetup.com/de-de/chess-for-fun/events/xxtlktyjckbhb/,https://i.imgur.com/Pymxm1O.png,Sunday,
Babylon Chess Club,chess meetup,Copenhagen,"55.68376331418521, 12.559669967596825",Chess every Wednesday from 17:30. Tournament from 19:00.,https://maps.app.goo.gl/tfMcu8sKQJ65Z4Ek8,https://www.instagram.com/babylon.chess.club/,https://i.imgur.com/Vhql0OC.png,Wednesday,
