name,labels,city,coordinates,note,gmap,link,image,days,id,_country,_osm_link,_matched_by,_cluster_size,_cluster_osm_refs,_raw_tags,_possible_duplicate_of,_duplicate_distance_m
Schaakbord,chess board,Amsterdam,"52.3624679, 4.8829744","[DRAFT — confirm via photo/Street View before publishing] Found via OSM freetext/tagged match. Tags: description=Life-size chess board and pieces, image=File:Schaakspel Max Euweplein (1).jpg, leisure=pitch, name=Schaakbord, name:en=Large chessboard, name:es=Ajedrez gigante, name:nl=Schaakbord, sport=chess, start_date=1996, wheelchair=limited, wikidata=Q106684165, wikimedia_commons=Category:Chess set Max Euweplein.","https://www.google.com/maps?q=52.3624679,4.8829744",,,,,Nederland,https://www.openstreetmap.org/node/1704754275,freetext+tagged,2,node/1704754275;way/1015906712,"{""description"": ""Life-size chess board and pieces"", ""image"": ""File:Schaakspel Max Euweplein (1).jpg"", ""leisure"": ""pitch"", ""name"": ""Schaakbord"", ""name:en"": ""Large chessboard"", ""name:es"": ""Ajedrez gigante"", ""name:nl"": ""Schaakbord"", ""sport"": ""chess"", ""start_date"": ""1996"", ""wheelchair"": ""limited"", ""wikidata"": ""Q106684165"", ""wikimedia_commons"": ""Category:Chess set Max Euweplein""}",Max Euwe Centrum (Amsterdam),36.1
Unnamed chess feature (node/2455444144),chess board,Amsterdam,"52.3500022, 4.8533436","[DRAFT — confirm via photo/Street View before publishing] Found via OSM tagged match. Tags: leisure=picnic_table, sport=chess.","https://www.google.com/maps?q=52.3500022,4.8533436",,,,,Nederland,https://www.openstreetmap.org/node/2455444144,tagged,1,node/2455444144,"{""leisure"": ""picnic_table"", ""sport"": ""chess""}",,
Unnamed chess feature (node/6431810077),chess board,Amsterdam,"52.3085098, 4.9464819","[DRAFT — confirm via photo/Street View before publishing] Found via OSM tagged match. Tags: leisure=pitch, sport=chess.","https://www.google.com/maps?q=52.3085098,4.9464819",,,,,Nederland,https://www.openstreetmap.org/node/6431810077,tagged,1,node/6431810077,"{""leisure"": ""pitch"", ""sport"": ""chess""}",,
Unnamed chess feature (node/10661819383),chess board,Amsterdam,"52.355436, 4.7934152","[DRAFT — confirm via photo/Street View before publishing] Found via OSM tagged match. Tags: leisure=picnic_table, sport=chess.","https://www.google.com/maps?q=52.355436,4.7934152",,,,,Nederland,https://www.openstreetmap.org/node/10661819383,tagged,2,node/10661819383;node/10661819384,"{""leisure"": ""picnic_table"", ""sport"": ""chess""}",,
Unnamed chess feature (node/10661819507),chess board,Amsterdam,"52.3584388, 4.7994255","[DRAFT — confirm via photo/Street View before publishing] Found via OSM tagged match. Tags: leisure=pitch, sport=chess.","https://www.google.com/maps?q=52.3584388,4.7994255",,,,,Nederland,https://www.openstreetmap.org/node/10661819507,tagged,1,node/10661819507,"{""leisure"": ""pitch"", ""sport"": ""chess""}",,
Schaakvereniging 'De Volewijckers',chess board,Amsterdam,"52.3966724, 4.9187883","[DRAFT — confirm via photo/Street View before publishing] Found via OSM tagged match. Tags: club=sport, name=Schaakvereniging 'De Volewijckers', name:en=Chess club 'De Volewijckers', opening_hours=We 18:30-24:00, phone=+31 20 636 1701, sport=chess, website=https://www.schaakverenigingdevolewijckers.nl/.","https://www.google.com/maps?q=52.3966724,4.9187883",,,,,Nederland,https://www.openstreetmap.org/node/10937101502,tagged,2,node/10937101502;way/1349249587,"{""club"": ""sport"", ""name"": ""Schaakvereniging 'De Volewijckers'"", ""name:en"": ""Chess club 'De Volewijckers'"", ""opening_hours"": ""We 18:30-24:00"", ""phone"": ""+31 20 636 1701"", ""sport"": ""chess"", ""website"": ""https://www.schaakverenigingdevolewijckers.nl/""}",,
Unnamed chess feature (node/11028276181),chess board,Amsterdam,"52.3289326, 4.8751029","[DRAFT — confirm via photo/Street View before publishing] Found via OSM tagged match. Tags: bench=yes, colour=white, covered=no, leisure=picnic_table, lit=no, material=concrete, sport=chess.","https://www.google.com/maps?q=52.3289326,4.8751029",,,,,Nederland,https://www.openstreetmap.org/node/11028276181,tagged,1,node/11028276181,"{""bench"": ""yes"", ""colour"": ""white"", ""covered"": ""no"", ""leisure"": ""picnic_table"", ""lit"": ""no"", ""material"": ""concrete"", ""sport"": ""chess""}",,
Unnamed chess feature (node/11203008465),chess board,Amsterdam,"52.3588347, 4.882425","[DRAFT — confirm via photo/Street View before publishing] Found via OSM tagged match. Tags: leisure=pitch, sport=chess.","https://www.google.com/maps?q=52.3588347,4.882425",,,,,Nederland,https://www.openstreetmap.org/node/11203008465,tagged,1,node/11203008465,"{""leisure"": ""pitch"", ""sport"": ""chess""}",,
Unnamed chess feature (node/11397735425),chess board,Amsterdam,"52.384569, 4.8843426","[DRAFT — confirm via photo/Street View before publishing] Found via OSM tagged match. Tags: bench=yes, covered=no, leisure=picnic_table, lit=yes, material=concrete, sport=chess.","https://www.google.com/maps?q=52.384569,4.8843426",,,,,Nederland,https://www.openstreetmap.org/node/11397735425,tagged,2,node/11397735425;node/11397735426,"{""bench"": ""yes"", ""covered"": ""no"", ""leisure"": ""picnic_table"", ""lit"": ""yes"", ""material"": ""concrete"", ""sport"": ""chess""}",Chess Table Haarlemmerplein (Amsterdam),82.4
Unnamed chess feature (node/11765859064),chess board,Amsterdam,"52.3819583, 4.8804975","[DRAFT — confirm via photo/Street View before publishing] Found via OSM tagged match. Tags: covered=no, leisure=picnic_table, sport=chess.","https://www.google.com/maps?q=52.3819583,4.8804975",,,,,Nederland,https://www.openstreetmap.org/node/11765859064,tagged,4,node/11765859064;node/11765859891;node/12179753125;node/12179767325,"{""covered"": ""no"", ""leisure"": ""picnic_table"", ""sport"": ""chess""}",,
Unnamed chess feature (node/12002774372),chess board,Amsterdam,"52.3441687, 4.8833457","[DRAFT — confirm via photo/Street View before publishing] Found via OSM tagged match. Tags: bench=yes, leisure=picnic_table, lit=no, material=concrete, panoramax=8e3bf1c3-0ee3-41d8-8913-60f19ab04e07, sport=chess.","https://www.google.com/maps?q=52.3441687,4.8833457",,,,,Nederland,https://www.openstreetmap.org/node/12002774372,tagged,1,node/12002774372,"{""bench"": ""yes"", ""leisure"": ""picnic_table"", ""lit"": ""no"", ""material"": ""concrete"", ""panoramax"": ""8e3bf1c3-0ee3-41d8-8913-60f19ab04e07"", ""sport"": ""chess""}",,
Unnamed chess feature (node/12189755456),chess board,Amsterdam,"52.3536574, 4.9199948","[DRAFT — confirm via photo/Street View before publishing] Found via OSM tagged match. Tags: covered=no, leisure=picnic_table, sport=chess.","https://www.google.com/maps?q=52.3536574,4.9199948",,,,,Nederland,https://www.openstreetmap.org/node/12189755456,tagged,3,node/12189755456;node/12189763018;node/12189769586,"{""covered"": ""no"", ""leisure"": ""picnic_table"", ""sport"": ""chess""}",Chess Table Krugerplein (Amsterdam),58.8
Unnamed chess feature (node/12552451607),chess board,Amsterdam,"52.3261737, 4.9483707","[DRAFT — confirm via photo/Street View before publishing] Found via OSM tagged match. Tags: leisure=pitch, sport=chess.","https://www.google.com/maps?q=52.3261737,4.9483707",,,,,Nederland,https://www.openstreetmap.org/node/12552451607,tagged,1,node/12552451607,"{""leisure"": ""pitch"", ""sport"": ""chess""}",,
Unnamed chess feature (node/12837404119),chess board,Amsterdam,"52.3600388, 4.9433701","[DRAFT — confirm via photo/Street View before publishing] Found via OSM tagged match. Tags: covered=no, leisure=picnic_table, sport=chess.","https://www.google.com/maps?q=52.3600388,4.9433701",,,,,Nederland,https://www.openstreetmap.org/node/12837404119,tagged,1,node/12837404119,"{""covered"": ""no"", ""leisure"": ""picnic_table"", ""sport"": ""chess""}",,
Unnamed chess feature (node/13132397265),chess board,Amsterdam,"52.3839324, 4.8679177","[DRAFT — confirm via photo/Street View before publishing] Found via OSM tagged match. Tags: bench=no, covered=no, leisure=picnic_table, lit=no, material=concrete, sport=chess.","https://www.google.com/maps?q=52.3839324,4.8679177",,,,,Nederland,https://www.openstreetmap.org/node/13132397265,tagged,1,node/13132397265,"{""bench"": ""no"", ""covered"": ""no"", ""leisure"": ""picnic_table"", ""lit"": ""no"", ""material"": ""concrete"", ""sport"": ""chess""}",,
Unnamed chess feature (node/13158431374),chess board,Amsterdam,"52.3833362, 4.8533208","[DRAFT — confirm via photo/Street View before publishing] Found via OSM tagged match. Tags: bench=yes, leisure=picnic_table, lit=no, material=concrete, sport=chess.","https://www.google.com/maps?q=52.3833362,4.8533208",,,,,Nederland,https://www.openstreetmap.org/node/13158431374,tagged,1,node/13158431374,"{""bench"": ""yes"", ""leisure"": ""picnic_table"", ""lit"": ""no"", ""material"": ""concrete"", ""sport"": ""chess""}",,
Unnamed chess feature (node/13752094820),chess board,Amsterdam,"52.3594798, 4.8582223","[DRAFT — confirm via photo/Street View before publishing] Found via OSM tagged match. Tags: access=yes, leisure=pitch, lit=yes, sport=chess.","https://www.google.com/maps?q=52.3594798,4.8582223",,,,,Nederland,https://www.openstreetmap.org/node/13752094820,tagged,1,node/13752094820,"{""access"": ""yes"", ""leisure"": ""pitch"", ""lit"": ""yes"", ""sport"": ""chess""}",,
Unnamed chess feature (way/817113086),chess board,Amsterdam,"52.348253, 4.9474822","[DRAFT — confirm via photo/Street View before publishing] Found via OSM tagged match. Tags: leisure=pitch, lit=no, sport=chess.","https://www.google.com/maps?q=52.348253,4.9474822",,,,,Nederland,https://www.openstreetmap.org/way/817113086,tagged,1,way/817113086,"{""leisure"": ""pitch"", ""lit"": ""no"", ""sport"": ""chess""}",,
Unnamed chess feature (way/1082763092),chess board,Amsterdam,"52.3546434, 4.9560409","[DRAFT — confirm via photo/Street View before publishing] Found via OSM tagged match. Tags: leisure=pitch, sport=chess.","https://www.google.com/maps?q=52.3546434,4.9560409",,,,,Nederland,https://www.openstreetmap.org/way/1082763092,tagged,1,way/1082763092,"{""leisure"": ""pitch"", ""sport"": ""chess""}",,
Unnamed chess feature (way/1091507588),chess board,Amsterdam,"52.3561105, 4.7878261","[DRAFT — confirm via photo/Street View before publishing] Found via OSM tagged match. Tags: leisure=pitch, sport=chess.","https://www.google.com/maps?q=52.3561105,4.7878261",,,,,Nederland,https://www.openstreetmap.org/way/1091507588,tagged,1,way/1091507588,"{""leisure"": ""pitch"", ""sport"": ""chess""}",,
Unnamed chess feature (way/1157535059),chess board,Amsterdam,"52.3552042, 4.7815527","[DRAFT — confirm via photo/Street View before publishing] Found via OSM tagged match. Tags: leisure=pitch, sport=chess.","https://www.google.com/maps?q=52.3552042,4.7815527",,,,,Nederland,https://www.openstreetmap.org/way/1157535059,tagged,2,way/1157535059;way/1157535061,"{""leisure"": ""pitch"", ""sport"": ""chess""}",,
Unnamed chess feature (way/1233476758),chess board,Amsterdam,"52.297833, 4.9796118","[DRAFT — confirm via photo/Street View before publishing] Found via OSM tagged match. Tags: leisure=pitch, lit=yes, sport=chess.","https://www.google.com/maps?q=52.297833,4.9796118",,,,,Nederland,https://www.openstreetmap.org/way/1233476758,tagged,1,way/1233476758,"{""leisure"": ""pitch"", ""lit"": ""yes"", ""sport"": ""chess""}",,
Unnamed chess feature (way/1279276038),chess board,Amsterdam,"52.3433275, 4.9003903","[DRAFT — confirm via photo/Street View before publishing] Found via OSM tagged match. Tags: leisure=pitch, sport=chess.","https://www.google.com/maps?q=52.3433275,4.9003903",,,,,Nederland,https://www.openstreetmap.org/way/1279276038,tagged,1,way/1279276038,"{""leisure"": ""pitch"", ""sport"": ""chess""}",,
Unnamed chess feature (way/1320064640),chess board,Amsterdam,"52.3398882, 4.8249416","[DRAFT — confirm via photo/Street View before publishing] Found via OSM tagged match. Tags: leisure=pitch, lit=yes, sport=chess.","https://www.google.com/maps?q=52.3398882,4.8249416",,,,,Nederland,https://www.openstreetmap.org/way/1320064640,tagged,1,way/1320064640,"{""leisure"": ""pitch"", ""lit"": ""yes"", ""sport"": ""chess""}",,
Unnamed chess feature (way/1344366998),chess board,Amsterdam,"52.3625143, 4.9232503","[DRAFT — confirm via photo/Street View before publishing] Found via OSM tagged match. Tags: leisure=pitch, lit=yes, sport=chess.","https://www.google.com/maps?q=52.3625143,4.9232503",,,,,Nederland,https://www.openstreetmap.org/way/1344366998,tagged,1,way/1344366998,"{""leisure"": ""pitch"", ""lit"": ""yes"", ""sport"": ""chess""}",,
Unnamed chess feature (way/1413229510),chess board,Amsterdam,"52.3506505, 4.9050804","[DRAFT — confirm via photo/Street View before publishing] Found via OSM tagged match. Tags: leisure=pitch, sport=chess.","https://www.google.com/maps?q=52.3506505,4.9050804",,,,,Nederland,https://www.openstreetmap.org/way/1413229510,tagged,1,way/1413229510,"{""leisure"": ""pitch"", ""sport"": ""chess""}",,
Unnamed chess feature (way/1462324092),chess board,Amsterdam,"52.3795161, 4.8594998","[DRAFT — confirm via photo/Street View before publishing] Found via OSM tagged match. Tags: leisure=pitch, sport=chess.","https://www.google.com/maps?q=52.3795161,4.8594998",,,,,Nederland,https://www.openstreetmap.org/way/1462324092,tagged,1,way/1462324092,"{""leisure"": ""pitch"", ""sport"": ""chess""}",,
Unnamed chess feature (way/1462627163),chess board,Amsterdam,"52.3731073, 4.8125461","[DRAFT — confirm via photo/Street View before publishing] Found via OSM tagged match. Tags: leisure=pitch, sport=chess.","https://www.google.com/maps?q=52.3731073,4.8125461",,,,,Nederland,https://www.openstreetmap.org/way/1462627163,tagged,1,way/1462627163,"{""leisure"": ""pitch"", ""sport"": ""chess""}",,
Unnamed chess feature (way/1463230157),chess board,Amsterdam,"52.380936, 4.8702508","[DRAFT — confirm via photo/Street View before publishing] Found via OSM tagged match. Tags: leisure=pitch, sport=chess.","https://www.google.com/maps?q=52.380936,4.8702508",,,,,Nederland,https://www.openstreetmap.org/way/1463230157,tagged,1,way/1463230157,"{""leisure"": ""pitch"", ""sport"": ""chess""}",,
Unnamed chess feature (way/1473481571),chess board,Amsterdam,"52.360198, 4.9445056","[DRAFT — confirm via photo/Street View before publishing] Found via OSM tagged match. Tags: leisure=pitch, sport=chess.","https://www.google.com/maps?q=52.360198,4.9445056",,,,,Nederland,https://www.openstreetmap.org/way/1473481571,tagged,1,way/1473481571,"{""leisure"": ""pitch"", ""sport"": ""chess""}",,
Unnamed chess feature (way/1478446486),chess board,Amsterdam,"52.3299613, 4.8784444","[DRAFT — confirm via photo/Street View before publishing] Found via OSM tagged match. Tags: leisure=pitch, sport=chess.","https://www.google.com/maps?q=52.3299613,4.8784444",,,,,Nederland,https://www.openstreetmap.org/way/1478446486,tagged,1,way/1478446486,"{""leisure"": ""pitch"", ""sport"": ""chess""}",,
Unnamed chess feature (way/1483954952),chess board,Amsterdam,"52.3658566, 4.8552304","[DRAFT — confirm via photo/Street View before publishing] Found via OSM tagged match. Tags: leisure=pitch, sport=chess.","https://www.google.com/maps?q=52.3658566,4.8552304",,,,,Nederland,https://www.openstreetmap.org/way/1483954952,tagged,1,way/1483954952,"{""leisure"": ""pitch"", ""sport"": ""chess""}",,
